[
  {
    "countryCode": "0049",
    "phone": "112233",
    "password": "AdminHeart123",
    "birthDate": "1970-01-01",
    "activated": true,
    "verificationCode": null,
    "resetCode": null,
    "locked": false,
    "failedAttempts": 0,
    "isAdmin": true,
    "profile": null,
    "matches": [],
    "kiMatches": [],
    "chats": {},
    "unreadChatCount": {},
    "unreadMatches": 0,
    "nickname": null,
    "nicknameImmutable": false,
    "aboutChangedAt": null,
    "blocked": [],
    "unseenMatches": [],
    "unseenKiMatches": [],
    "verified": false,
    "verificationPending": false,
    "paused": false
  },
  {
    "countryCode": "0049",
    "phone": "8888888",
    "password": "Password1",
    "birthDate": "2000-01-01",
    "activated": true,
    "verificationCode": null,
    "resetCode": null,
    "locked": false,
    "failedAttempts": 0,
    "isAdmin": false,
    "profile": null,
    "matches": [],
    "kiMatches": [],
    "chats": {},
    "unreadChatCount": {},
    "unreadMatches": 0,
    "nickname": "testuser",
    "nicknameImmutable": true,
    "aboutChangedAt": null,
    "blocked": [],
    "unseenMatches": [],
    "unseenKiMatches": [],
    "verified": false,
    "verificationPending": false,
    "paused": false
  },
  {
    "countryCode": "0049",
    "phone": "8888889",
    "password": "Password1",
    "birthDate": "2000-01-01",
    "activated": true,
    "verificationCode": null,
    "resetCode": null,
    "locked": false,
    "failedAttempts": 0,
    "isAdmin": false,
    "profile": null,
    "matches": [],
    "kiMatches": [],
    "chats": {},
    "unreadChatCount": {},
    "unreadMatches": 0,
    "nickname": "testuser2",
    "nicknameImmutable": true,
    "aboutChangedAt": null,
    "blocked": [],
    "unseenMatches": [],
    "unseenKiMatches": [],
    "verified": false,
    "verificationPending": false,
    "paused": false
  },
  {
    "countryCode": "0049",
    "phone": "1111111",
    "password": "Password1",
    "birthDate": "1990-05-05",
    "activated": true,
    "verificationCode": null,
    "resetCode": null,
    "locked": false,
    "failedAttempts": 0,
    "isAdmin": false,
    "profile": null,
    "matches": [],
    "kiMatches": [],
    "chats": {},
    "unreadChatCount": {},
    "unreadMatches": 0,
    "nickname": "user987",
    "nicknameImmutable": true,
    "aboutChangedAt": null,
    "blocked": [],
    "unseenMatches": [],
    "unseenKiMatches": [],
    "verified": false,
    "verificationPending": false,
    "paused": false
  }
]